<?xml version="1.0" encoding="UTF-8"?>
<beans xmlns:xsi="http://www.w3.org/2001/XMLSchema-instance"
       xmlns:context="http://www.springframework.org/schema/context"
       xmlns="http://www.springframework.org/schema/beans"
       xsi:schemaLocation="http://www.springframework.org/schema/beans 
       http://www.springframework.org/schema/beans/spring-beans.xsd
       http://www.springframework.org/schema/context 
       http://www.springframework.org/schema/context/spring-context.xsd">
      
       <context:component-scan base-package="com.cms.example.*"/>
       <context:annotation-config/>
       <bean id="viewResolver" class="org.springframework.web.servlet.view.InternalResourceViewResolver">
         <property name="prefix" value="/"/>
         <property name="suffix" value=".jsp"/>
       </bean>
       <bean id="dataSource" class="org.springframework.jdbc.datasource.DriverManagerDataSource">
         <property name="driverClassName" value="com.mysql.jdbc.Driver"/>
         <property name="url" value="jdbc:mysql://localhost:3306/rohit?useSSL=false"/>
         <property name="username" value="root"/>
         <property name="password" value="rohit"/>
       </bean>
       <bean id="sessionFactory"  class="org.springframework.orm.hibernate3.annotation.AnnotationSessionFactoryBean">
         <property name="dataSource" ref="dataSource"/>
         <property name="annotatedClasses">
            <list>
              <value>com.cms.example.model.Employee</value>
            </list>
         </property>
         <property name="hibernateProperties">
            <props>
              <prop key="hibernate.dialect">org.hibernate.dialect.MySQLDialect</prop>
              <prop key="hibernate.show_sql">true</prop>
              <prop key="hibernate.hbm2ddl.auto">update</prop>
            </props>
         </property>
       </bean>
       <bean id="hibernateTemplate" class="org.springframework.orm.hibernate3.HibernateTemplate">
         <property name="sessionFactory" ref="sessionFactory"/>
       </bean>
      
</beans>